Code,1998,1999,2000,2001,2002,2003,2004,2005,2006,2007,2008,2009,2010,2011,2012,2013,2014,2015,2016,2017,2018,2019,2020,2021,2022,2023
111CA,-0.028580117657240223,0.03826356681464471,-0.014610595814593896,-0.02935677026377226,0.007783092040455575,0.049609565851268744,0.011763951151604779,-0.042677305439228874,0.03257615813417525,-0.01461958183095069,-0.04059989074991188,0.06388176938435963,0.004009200126755541,0.02356315251593788,0.08231051351170304,0.0022863093531531042,0.009286776572104305,0.005031772202707563,0.015397754267056918,0.023248482061122733,0.009227141651256598,-0.030645224097654467,-0.09753202777546077,0.07209715818463636,0.09241202599382548,-0.04860248326583627
113FF,0.04274741108645985,0.06131551816206393,-0.08025081877403206,0.023759708078035402,0.03522449052260157,0.011638587669652978,0.03907430601231887,-0.009518685615477196,0.016620240248047757,-0.07128068352796912,-0.030435093898027787,0.015798973191124333,-0.0010653591535687568,0.016037799831902788,-0.01110479170427947,0.020129990066520165,0.01687667430808748,0.014074539578781575,-0.02619560992488168,0.008538062596533003,0.013632519519696018,-0.020653012948217864,0.00040109202220328655,0.00924704511436314,0.01976175017952908,-0.02463210441855246
211,-0.06240902080272681,-0.06210542579406697,0.015138115776910599,-0.02717748177310364,-0.07138660370559968,0.16900527315030844,0.02656136796086006,-0.08936272767106512,-0.12879123062473807,-0.023279584116253194,0.10066753020578334,-0.11092860467421928,-0.0038107049100681856,-0.062455552478628995,-0.08734031907979434,0.01102842876077803,0.041436153344982074,-0.08090879720649546,-0.07063292526471221,0.007679170242556488,0.0037365397983553095,-0.05377572517462559,0.004614926024452792,0.10066338351381843,-0.16163606309057332,-0.045285458864778416
212,-0.07018490658612686,0.008119419053024934,-0.07087567123476246,-0.0663444903238064,0.06318852798855445,-0.04160276197704871,0.07743855188252402,-0.01658568849151676,0.03304289002695571,-0.01439648523246051,-0.005355708896715328,-0.01721944960714339,-0.060481652984870404,0.0235233366275458,-0.0760191709894622,-0.0007186662167701918,-0.03549677723434108,-0.06038144980618698,-0.05447466749667429,0.01814293748225193,-0.05322731063810693,-0.07944380207375756,-0.037692198187636805,0.029276630706351447,-0.006689715296185117,-0.046767158043081736
213,0.04390718200911703,-0.2450988365819864,-0.09135954066880991,0.14836641752737467,-0.028583113857031606,0.0933072496693983,0.22248503425253663,0.10868801217504132,0.24198220499388956,0.15672051149535093,-0.06058478307289672,-0.048161779704726015,-0.22438247819618518,-0.07532364822426718,-0.00137824039099943,-0.02359038996277274,0.1618207392061617,0.2678319889499239,-0.45131246328438124,0.21427842657467977,0.06048785238367316,-0.05006676584043834,-0.21670312545944714,-0.16193391562976878,-0.2200684731326552,0.16990015458585273
22,-0.005852145550652388,0.11437720278546681,0.059596733484317266,0.0943852413250803,-0.2689592131634564,-0.07330530624063636,-0.044028556739891034,0.046050371897969455,-0.055873268984724334,0.038368163021261115,0.0778763015675894,-0.07828080560980188,0.06302912097541435,-0.0184274333282457,-0.009455436470891865,-0.008040892356557361,-0.027142048651333628,-0.05533138884261346,-0.02517893406179894,-0.03701825320343355,0.015490731605983576,-0.006960022436591995,-0.02181967755504699,0.019050595579039875,-0.0015525006115759687,-0.06574819386519337
23,0.11583473361726337,0.020870705040297644,0.07366740107365688,0.04999159425522315,0.046245121105843445,0.01678417087970674,0.04870532182403009,0.02901865307549434,0.011623641301613752,-0.0006288970414778383,0.01662044683337527,-0.021813141735512964,-0.017648824200413138,-0.019437731484635457,-0.020058575420107694,-0.01884606856068194,-0.004079449287247794,-0.015549230433463013,-0.009497907722334276,-0.0225144194356397,-0.03020225779363095,-0.022561983759736393,-0.015681644868856814,-0.02017055465133577,-0.018260941553410515,-0.03475297517795939
311FT,-0.01268262714704771,-0.020973010599886432,-0.011934271307943112,-0.011376002768193949,0.013098279950176428,0.017202431991446998,-0.017730527075613844,-0.020497145367964098,-0.010867876027180312,0.0064475644426751355,0.022247104065461265,-0.008421661580152673,-0.010334867705088069,0.019583251222156317,0.012550287073742394,0.0034931045463366672,-0.027257905309398867,-0.0013240952047226529,-0.007426525894112634,-0.026698188835697634,-0.01376441611342094,-0.015407856369346495,-0.04178103449762749,0.01778239865330189,-0.018930981369098765,-0.01213879694287301
313TT,-0.00558172926910494,-0.04480577868710833,-0.012546292568039963,-0.02293825321712628,0.00034754327166419685,-0.0668577629160696,0.005300357078308338,-0.037864538644127865,-0.06312663712341582,-0.01165893323247591,-0.028298119070316652,-0.058506019499158235,-0.0007665014518662971,-0.025445585907345247,0.01536496412309063,0.024444865750461453,-0.004360577020950274,-0.0253281401104406,-0.004254054267726737,-0.03591842863815842,-0.014250861845818363,-0.017756439106976885,-0.09087286491476299,0.027239822510677136,0.004153251176330031,-0.058589752065756784
315AL,-0.014507202195310764,-0.012610244710349328,0.009736261069231311,-0.014811727143719366,-0.019783239147785014,-0.005449898960618427,-0.0022037087442310366,-0.008374623818103721,-0.007271506410280182,-0.012865180722296365,-0.008981719687392697,-0.0025535308077317964,-0.007971471254243134,0.005730380989882988,-0.03455791577821987,0.004659488383116361,-5.781945011573697e-05,-0.0012923302838725448,-0.00963458457162858,-0.014196551939599011,0.006619414093788301,-0.0031864124052622955,-0.028117085133658293,0.0039665691349970444,0.018522964696580324,-0.019635080154904117
321,-0.01915811280429036,0.014049644894193136,0.02279309217524972,-0.03312835285929516,0.02748182989043979,-0.009559726414148706,0.05462064723050286,0.016582515379187424,0.0031160936310770104,-0.016863088189891684,-0.07190371471377333,-0.12440848742658339,0.034563878989013475,0.005609002388450968,0.008470740954077627,0.02832313962172872,-0.043693392103163475,-0.032631601233857666,0.005768752103978869,0.040646009278158424,0.01944349729069028,-0.032682738844521,0.03062173849828209,-0.008327886440816279,-0.056303374121371874,0.013129511195081989
322,-0.02410618821316346,-0.02303808347959002,-0.013633422132381945,-0.05908627891327223,0.01884873042992785,-0.034414782141711786,-0.00209455159755656,-0.028733476548931325,-0.013512682974527568,0.0028893095029469684,-0.021226752601885224,0.020028217152984418,-0.03395281509253856,-0.014252288654160505,-0.0038012784339556127,0.014762208139760702,-0.02289635933973999,0.008364912256086487,0.003869812257462968,-0.04937862802669235,0.0017913846905646125,-0.0042426880439783154,-0.03471321578624931,-0.03196739292664974,-0.043742796303019915,-0.00771358139583711
323,-0.03585073935814975,-0.044642996677642266,-0.04999185456591437,0.018094320396010666,-0.012459345211341954,-0.053713123571942134,-0.036408212735254075,-0.03165637525546661,-0.060934126674518474,0.004047045842279218,-0.050441306276786335,-0.05560182693021254,-0.03643401975127958,-0.02881096388864801,-0.03587519228306579,-0.016006355360450364,-0.0226313247466452,-0.03307948101969682,0.007710136668212186,-0.022425643551422958,-0.05378070478786068,-0.020037390719449988,-0.03718136947402595,-0.07714894814802431,-0.0031273241493563475,-0.010676428745468591
324,-0.061517552047016366,0.0530336286223978,0.018317631751535668,-0.046477116547548825,0.03867327135342924,-0.11190279663618874,0.04932653493927841,0.056644005519733476,-0.04531363474521344,-0.007371023831962198,-0.017871190622194888,-0.036627204226360455,0.0026071597751919917,0.04666375166842496,-0.06770332975204907,0.02973592701569716,-0.12586864856307045,-0.07553319429185956,0.057131372328224295,0.025234951307534725,4.4129776527235265e-05,-0.023777917499941736,-0.1257488751634348,0.002965513879065629,-0.03380168524061489,-0.0735588772913971
325,-0.04286335907944805,-0.018405555666691775,-0.014201344553145034,-0.050425524424497326,0.0338999773085078,-0.022135073395975535,0.04027334939976113,0.0030155783374219425,0.002220467531499404,0.047755331744240515,-0.03264408491753579,-0.04445822236397312,0.03234305524945413,0.012692121951660473,0.02653484890922675,0.024146418558965932,-0.07597471369310793,-0.010243710273910134,0.044619845379278766,-0.03944483235424223,-0.00805188028564463,-0.03858227753466603,-0.024009299883872126,0.05376900720693101,-0.011424431883165553,-0.006472853041981086
326,-0.004157640821311759,-0.001740345754517314,-0.006298505832981416,-0.03898715469185143,0.0358983629605647,-0.007267959756426023,-0.007141911463185657,-0.007856333398311044,-0.00660209996168204,-0.018591540440504595,-0.025918348953897663,-0.038076765895841636,-0.0035394722855950356,0.018174219733147368,0.015396375433534448,0.0010484691358452203,-0.005412107034521885,0.019577796568530648,-0.0007493994119807112,-0.03082732788002529,0.015274083534897898,-0.03151638897751674,-0.0401671418875722,-0.02462425907414101,-0.016661997956568975,-0.0342936379546801
327,-0.011129041640173032,-0.005125264633104365,0.011837997614588591,-0.03318161742998127,0.018401058178211027,-0.009314627066074888,0.020802139526749475,0.012940483464192631,0.02778850903561292,0.0274243507289067,-0.05274542563078777,-0.12281659121244815,0.0058105035380435766,0.013271717104071268,0.009293237390987308,0.0035741824137764944,-0.011288381945380177,-0.004942074936506113,0.0012469562113666122,-0.011785952311333059,-0.017879475712665904,-0.004255458476636775,-0.052518229985474285,-0.0281958771749915,0.00023048737150332954,-0.08487615175951646
331,-0.03861814986923395,-0.04900814036555756,-0.023002818418595528,-0.07285519165501153,0.054797206453827574,0.006750499648517039,0.14576435544253874,-0.05882321288111658,0.04611920756129795,0.003819014071743787,0.043401716814461366,-0.2362647639523905,0.1311248184763505,0.07380728449021001,-0.056769272986234576,0.011116320094913146,-0.022595389734130222,-0.03246309024035643,-0.0036936659903523683,0.026360452741108542,0.04179758917098164,-0.031210985772140987,-0.04865594210335367,0.056462376668583225,0.012969623324802004,-0.026048944450443035
332,-0.011217924947525937,-0.015307641305196906,0.014918559971101697,-0.034119073551318824,0.015146155338781053,0.0017970373485662883,-0.0015094519676428497,0.008673587736623745,0.02138368855601014,0.03335400462147309,0.000834475232473153,-0.08587325399403589,-0.0023272781332783765,0.021679376479061485,-0.012310908572596091,-0.011974061613210019,-0.017339084690259465,-0.014009615710270484,-0.008896167292296031,-0.003465554820561767,0.0022993691294299623,-0.011665579803369575,-0.04364948493104137,-0.008809869716847274,-0.06220799786610742,-0.042363306542678725
333,-0.01411763457876436,-0.010934145267481377,-0.020152317305345058,-0.03656849836018905,-0.027393438835888073,0.037690021271857166,0.0077517711476491336,0.012941216827296653,-0.03345009854382619,0.004902017141301673,0.00752614750066849,-0.03789820774562136,-0.0031682482284947078,0.047651667777326434,-0.028605592561362858,-0.03413645775964946,-0.013264912238416748,0.0021651166942850963,0.014640863414544736,-0.02962890905262361,-0.03548461434496453,-0.012939854753114322,-0.0017975137147598907,0.025213250565297773,-0.03918566688718972,0.0002524253161730883
334,0.012676877206722725,0.02584496339686293,0.06682682763782433,-0.036105660354504465,-0.002067845535822066,0.015957071922377608,0.014580895322723997,0.012526166826253515,-0.006044850787417122,0.006773089238889973,-0.01046904244978153,-0.0005039468839855843,0.007044480182831769,0.0054253864696622855,-0.02847887501919999,0.010019324331783874,0.001056060448777707,0.00860399227722164,0.007441312158511959,-0.025719971387360818,0.009804118197779044,-0.010277532066892192,0.014385158304351275,-0.0006051028189966168,0.00867295373343202,0.006426282583209986
335,-0.026328123141415638,-0.015599645971062337,0.012095145169312538,-0.05577870932637552,-0.024363247275577038,-0.005798345226265766,-0.011681189059607355,-0.005946147588423933,0.0038622836120527637,0.00937629372915083,-0.012180028069102455,-0.055287460642053254,-0.0027725651411500962,0.015993745693771544,-0.0003789702736556322,-0.00610016782311007,0.01445966099488949,0.002970888628625268,-0.013074973330509998,-0.0014540706307277773,-0.005929287547448148,-0.01324523573123848,-0.01285608023692042,0.009868492970070974,0.013751504216970467,-0.02523750564337668
3361MV,0.003620138851256449,0.015051118577818823,-0.008906187233462592,-0.022527065615309816,0.03002159817135075,0.0016567492830850128,-0.012750006937410685,0.0014487061224270903,-0.014422849895936896,-0.014286813358019401,-0.02223202068476615,-0.012884557180809164,0.030197782407950235,0.03902700138012083,-0.04373005130691965,0.024471175036650195,0.02991880392495716,0.01185205039494619,0.010393888808919005,-0.018424707266432083,-0.012781947755876377,-0.01356186719534902,-0.02690510935990753,-0.004564196091379813,0.032232185380208556,-0.023569086271002515
3364OT,-0.02513130773122718,-0.008562475687891258,-0.02914920502864682,-0.018878464714033427,0.011123683620465563,0.010705936388395898,-0.019312317775129983,0.013763658091140663,-0.012138043225347062,0.013561693742647485,-0.014992906816059026,0.043818674074040054,-0.1002539239637601,-0.01883576531978015,-0.00772580122158395,-0.027428386714007935,-0.014068101529813859,-0.02876810429864296,-0.01307944030930841,0.012387870314443994,-0.012807045089585856,-0.0015807072090288088,-0.014818780959263478,0.0022255705135654225,0.028064535219057163,-0.01777511337119897
337,-0.0013590214891801011,0.018499434177502216,0.00673932774289554,0.015041203938388037,0.08251310700460124,-0.002232734958255378,0.09097078780766132,-0.0034581426013593486,0.008750585863243288,0.04454145515136565,-0.02735292641945719,-0.10070467092524282,-0.06272799205585144,-0.005609385668329914,-0.03959634213779495,0.02484624786896994,-0.035260417696692414,0.012242085297580196,0.013001194093811286,0.00856919011951085,-0.03109109070013183,-0.029482190882557546,-0.019607823174788486,-0.0007728288445925102,0.03376427784285596,-0.01061842343293673
339,-0.012268957745400932,-0.008159492619483455,0.015457025014329773,-0.026152052976267104,-0.00022106408440736303,-0.010331810133311858,-0.006092360570899125,-0.005705226901873139,-0.004498336351746346,-0.025330248468939054,0.01459781734923471,-0.0010780376496639654,-0.013869517852239,0.00019937289301408256,-0.01766684919271544,0.01714286374925056,-0.01003290180675398,-0.004257564575041783,-0.014567478084579033,-0.004769700827483181,0.0022661650103072972,-0.023135293703196336,-0.017997008638239276,-0.008359987369332078,0.010272210973858442,-0.011886802766542637
42,-0.022306663343969024,-0.03083271348031813,-0.03781189937240681,-0.015895656461122343,-0.019458085694024074,-0.01897432162372814,-0.009433715998911296,-0.01418331593170885,0.0004853659194550275,0.006362909124530525,-0.003554084380875455,-0.004515475946098579,-0.040982839283163486,-0.0266690117271291,-0.02725801632473468,0.017497068442761332,0.013309867930889396,0.005712093502898696,-0.006733955543121173,-0.016782042959221144,-0.03851776494837322,0.026050577751331794,-0.03964355097410133,-0.04063683799134399,0.008675569582965892,0.006728747651160383
441,-0.007039220313237671,-0.006723729271582712,-0.010267141028921678,0.0002863412193923054,-0.019562611190147905,-0.014969068617000758,-0.017913697058691724,-0.02806947523905645,-0.01822350758039093,-0.014502430582800763,-0.02201837796786066,-0.006173293306312999,-0.006959205137896163,-0.0028218367737249395,-0.004616785068646045,0.0041037878370460135,-0.001507631448432356,-0.007882303236560695,-0.01095444612887242,-0.032798893330917345,-0.0046490526785234465,0.0074821235048805335,-0.04256296110674196,-0.011894707889494427,-0.008069071852586873,0.02898381067036837
445,-0.006038641719039006,0.0005047443004952967,-0.006233469188153151,-0.005572227453013667,0.01624496176734258,0.007744981663106998,0.006144695786676202,-0.01623205124596705,0.0015237320069640958,0.0002492633443278436,-0.013791454356219646,-0.01680206846237642,-0.009107820904360686,-0.0044772578049583345,-0.008099896167313325,-0.016432390423556598,-0.02460171617840512,-0.018235269121762876,-0.024702568621308707,-0.03356345338340194,-0.0006704743623089371,-0.013433533954893662,-0.025839111566544837,0.02631124425208231,0.0007902926597633808,-0.017255969913670732
452,-0.026967681635421847,0.008818379200908666,-0.02260236521530601,-0.010657141799270242,0.022964799573243155,-0.007826595712303153,0.01402779318746461,-0.017536781152767134,0.01197560376055673,0.0316505391830626,-0.03602011452046394,-0.011562866162178054,-0.0017442103094760242,0.020402245817612297,-0.008016889901490742,-0.014288844481482599,-0.01107825331602541,-0.0219519767041243,-0.027161471369075763,-0.022176857287032448,0.0003794364613334267,-0.02308004666378949,-0.02983196491308515,0.020727397311569362,0.004398961311643745,-0.004448767100619477
481,0.0005879601444309657,-0.023714450986037416,-0.02742980031984521,-0.03719478890276662,-0.015872188575014157,0.006104892592025735,0.003841111842473488,-0.005416765406510926,-0.001950085613353636,0.004891242346331204,-0.026392710395538366,-0.010854693022048778,0.019146034676284174,0.0569221983051138,-0.03552209035053622,-0.008133218774929674,-0.002116112444394247,0.02141178051573922,0.0014778598805875731,0.011866393152504706,-0.01008204956154568,0.00811101783206869,-0.19363066960190256,0.011444758786463893,0.05505617107420946,-0.06073750280991952
482,-0.030439681475267655,-0.02394270483355765,-0.005269656427100422,0.0034104726358581416,0.0014465913886878567,-0.053583499620572184,0.0129400802611368,-0.024019969614982095,0.02920881481294657,-0.004552336353540909,0.04674517029831282,-0.005061504051626642,0.032461096075045326,-0.05577197190139227,-0.0030818799731058277,-0.0038253718496426004,0.05595647973931683,-0.0454352634837889,-0.05032929482406168,-0.028313250281430946,-0.01694859740398158,-0.0018986597165104868,-0.20834482654130593,0.01248404164853234,0.035770623742209295,0.034799445593543865
483,-0.00595890084188877,-0.003761433827448535,-0.008705427548569844,-0.003739728774313278,0.0026554275036456687,-0.003686680175011503,0.009752590857959653,-0.0028802593974122104,-0.007060385701321614,0.009480748380404691,0.059359148940678175,-0.04312948104165848,-0.024736377479669613,0.010189467291429999,0.031186264924576435,-0.0005858901651274451,-0.007687546535924739,-0.010172274981627538,-0.00015963608204838664,-0.008697997713656314,-0.004864401090181936,-0.005773452505642318,-0.05774801672681029,-0.04013846627553885,0.06651602877621343,-0.012772375964607896
484,-0.003741771631974089,-0.0401850416899423,-0.010383918355411303,0.006562947551785214,-3.1792727639867735e-05,-0.04008677444125919,-0.030614056340420248,-0.01817538214276926,-0.022078337172631635,-0.07665566924471268,-0.029054461089162764,-0.008252398452555987,-0.01800726441102274,-0.018129869738461757,-0.017829428208513853,0.07907936641994073,0.05730030319124779,0.05448677788656653,0.04082260674811877,0.18366073756406198,-0.015786198562052434,-0.009528195676923978,0.011038266564867172,-0.04501491579718042,-0.008303266034883627,-0.0020009137996801485
485,-0.01687779444448534,-0.03385354329407608,-0.04497691751884858,-0.013278896223681613,-0.015032446802071497,-0.018096962893402235,0.02646227434813042,0.006904938226903745,0.025255398665056994,-0.0018878280546630322,-0.018670469674759715,0.006842628074300805,0.006146744431786644,0.020750508901997478,-0.007924949335635034,0.02156108044008942,0.015258582145825983,-0.012254517907581253,-0.030679244288197793,0.04538394407139901,0.09415717253011824,0.04304541736186085,-0.18400564525697138,0.048197987615448135,0.1009963326457548,0.12534911098536217
486,-0.06191391437248939,-0.13503579961934076,0.0737188460151561,-0.20126847176205764,-0.3058031407531958,0.04336618298660255,0.044003860209063994,-0.2114183161589427,0.0486296177864034,0.09460055671472123,-0.2525257922598163,0.15950212351091242,-0.5031558976514781,-0.3266487495859298,-0.14746876189660618,-0.12974707154475773,0.02028766276118965,0.32528736490155374,0.05099099697500975,-0.07482052415078755,-0.1382680157217031,0.035485775871075376,0.03954724033678225,-0.19380923235548053,-0.38182500513907947,0.17020717129628338
487OS,0.023230331761879164,-0.007271201963135354,-0.013893576225453508,0.025752294999151104,0.011939582371224944,-0.02844761977959287,-0.019964306097734585,0.009848406730960768,0.017175416908702168,-0.004051497565971118,-0.04495984644542883,0.04370876434979909,-0.048206669846663885,-0.015039795767031627,-0.0015259232873221507,-0.0013660303541129792,-0.0286495081962439,0.017075520160635627,0.006542721909417182,-0.02004248524174912,-0.012593269566377074,-0.002323914712023978,0.09216281138365101,-0.0590178801152641,-0.03615969551121445,-0.018966064450381737
493,0.013056765851837682,-0.01644084894402731,-0.0004169422762609898,0.018565679128723644,-0.009037723492685501,0.0450047402471494,-0.054094139420775456,0.010297537927047351,0.05519722485491663,-0.035173452825286944,0.005867902796764746,0.10711177309237652,0.005994485497832436,0.015141241205463452,0.03567174454518085,0.0046502364671665575,-0.02546957624793933,0.014525968676957213,0.04899105890468913,0.2987748456401693,-0.031862738387993694,0.0375994354730409,0.024787592565489014,-0.09458711711115342,-0.05505892624786757,0.0003746174453533868
4A0,-0.0014957478703268023,-0.0011999296498599321,-0.005100592763445988,-0.019488021988726345,0.01582679081368976,-0.01943184300894174,-0.010325980083258024,-0.03270539469060818,-0.006302258749630418,-0.005180309767873759,-0.025489885841797566,-0.00957155564587353,-0.004104954766034119,-0.0047289283914544455,0.0033212314633210838,-0.01248210933358962,-0.029679509980232055,-0.014505058959839445,-0.0056704757880314816,-0.04258264974520731,0.005720852796903486,0.006295904934257024,-0.0033335783589150125,0.02744264478474001,0.00570483172220726,-0.005001057699158373
511,0.013555546933583518,0.023060592133564928,-0.013914027449406507,0.013859481164362197,0.0156847219177787,-0.03539731997461981,0.021662592234052536,-0.004444717021977684,-0.0321715014054762,-0.006355395965260691,-0.004753733094992718,-0.03170969155068404,-0.009832218030802586,-0.014510772272137373,-0.023943244650847184,0.024025335351633093,0.0140343750751315,-0.0002940607746375612,0.018423008073447544,0.0022612393417178467,-0.027819869986471346,-0.006993716067594136,-0.014086131401725321,0.01607732346521118,0.0029400268257946394,0.006903009336690413
512,-0.014596664127581427,-0.000521526731579236,-0.04584608918941058,0.05554073671403881,-0.006718099296736391,0.028214399510371635,0.014332096597222233,-0.014819639084894476,-0.01613383232748067,0.04890855745413614,0.04760508792680529,-0.014390233616083492,0.022932888555972752,-0.04154068721181581,-0.03375594888952094,0.03849111252858428,-0.05967706311449206,0.028061089815418327,0.028386460010685788,-0.006824221378001205,0.020870786269154173,0.004908018681110349,-0.007341149650784473,0.04453905501690514,-0.006660211561920981,-0.015784602900723144
513,0.0014222513331754172,0.005985655383306199,0.00981123670961459,0.015007335043461634,-0.026792234294249706,-0.020395827174977565,-0.015554297802065964,0.007353285453796321,-0.017270850448042552,-0.009420710915046815,-0.012123000899614045,0.002293394112197422,-0.019500683723383982,-0.014380025225801063,-0.003194697385181744,-0.014245085035172078,-0.01767080253505604,-0.006423869839548679,-0.008658703809471646,-0.019668379051576146,-0.00738911732032177,-0.021039245329248946,-0.011860679501992877,-0.023192083237742356,-0.031356837032987084,-0.014521228491416238
514,-0.004105487945929909,0.05630052349750514,-0.026722862084162635,0.023099626671450935,0.018262662980604638,-0.0032980929480084242,-0.006415221770758706,0.01078162775415148,0.01620953116831636,0.004274326818355156,0.08273336679498033,0.024392924107806024,0.07838201806718903,0.06920993691488597,0.05666321198858615,0.06464714401838778,0.03333077118259453,0.030026017638864477,0.03044530331878814,0.024891517163494026,0.03609515561756638,0.014677101878706633,0.01663441758818429,0.05858094557076754,0.022584306929297693,0.016282852702790063
521CI,-0.00899592335408017,0.022876229310435425,-0.0047184789582934705,0.006859714203623746,0.016009757131795643,-0.01828878747486895,-0.027630614228943307,-0.020967205211634088,-0.023925179086175863,-0.03592902913532625,-0.018681082733629895,0.06356519273687722,-0.03570876140528734,-0.011251477907605612,0.025002877649228372,-5.575751543474006e-05,-0.009243138385447436,-0.01869052206057109,-0.012480392912078697,-0.0420193644939828,0.026486477744535053,-0.02486464342578043,0.023701530987361386,-0.013351801841969824,-0.029368639134510932,-0.00672767205113467
523,0.03669446042975233,0.03970167408747738,0.05341717004867119,0.009111319657542083,-0.017770376985818626,0.012067336039882637,-0.008043260203047797,0.020244172525748727,0.031767185574095524,-0.05676975155896624,-0.1595311354562572,0.09803036076330507,-0.047238228786051994,-0.08805368399185953,0.011774024418868212,-0.016812979509831294,0.0011748980044563595,-0.022364413687379514,-0.002428459512004988,-0.032969944423165476,0.02273468310740112,0.026999740820560003,0.00968119350445118,0.00976675171341812,-0.007772898914173876,0.04538800155147049
524,-0.0004598138614682057,-0.014928442254297014,0.017508623889813002,-0.00791781474062514,-0.0029048173672907573,0.015234807976247211,0.019516121965778677,-0.012109304621794159,0.018332954994873862,0.011201212636212876,-0.036908900957643986,0.05033887845838203,-0.015489033978447253,-0.015043689143908079,0.020063195652774368,-0.033368183321745626,0.03394738019619625,0.027258601799193816,0.0064723850856847065,-0.03529020178791553,-0.032374316865335206,0.02973197569244057,0.01401920240861898,-0.03187249475708942,0.00336362253099054,0.014938311956301575
525,-0.028206902248963495,-0.056479372042608667,-0.02297383619763771,-0.01463548358019029,0.014534280442837222,-5.255838469153673e-05,0.026587491805763364,-0.03032426820098344,-0.0023726766788474407,0.07068152385285487,0.06959728421075706,-0.04064830606209213,0.005995053335882794,0.020508034156212496,0.017726145431812057,0.03517423802484476,0.015371809453252894,0.004737324437103396,-0.02948309425632889,-0.013053684696872736,-0.03438113860690528,-0.04061162469268709,-0.027927710195003286,-0.0001681044115349195,-0.013149822139785883,-0.09909352833035445
532RL,0.06552299102264003,-0.04775401920691369,-0.036214468647360665,0.020513113728946042,0.004243992678782504,-0.010904368423467314,-0.02258394598978608,-0.06464600578740276,-5.741589131735836e-05,-0.10201816068004854,0.022427350599244278,-0.0702667806199595,0.023496937598326717,-0.01965476660940446,-0.015361822720616036,0.0321508212075039,-0.004520177420255234,-0.04286527834254805,-0.0021977421345011905,0.0066421127269249425,0.0018843265826431477,0.009261164466352056,0.021397924840992566,0.1381414397953682,0.02329326411468191,0.0688705786235766
5411,-0.012186342528394345,-0.020627345619729898,-0.06477357916928872,-0.012020918405780456,0.048058951057435184,0.004274716512752796,-0.03831338725929223,-0.021693110039599173,0.00750546354798276,0.017037278340172435,0.008144806725848941,0.004799550586197743,-0.006727678726635489,-0.007634041536047409,0.0003894062167226764,-0.022317475185481772,-0.024183794520836965,-0.009028571290639054,-0.013841463995007963,0.008482486479234552,-0.026417183224081153,-0.007781668326806379,-0.0028999267032738807,-0.022750825469720404,0.010456401203263965,0.00098855890034244
5412OP,-0.009539680263288997,-0.01106287132124395,0.004869465993043054,0.016997862000657893,-0.0012793079739870095,-0.017930451340777864,-0.001876316027844993,0.00300351703112689,-0.012910825236036594,0.009832463042224404,0.013188803621710044,0.0007405449894313243,-0.015602691251285883,-0.0002045776028194446,0.012976577707891401,-0.019019507194236507,-0.005737131141633434,-0.01569257383428102,-0.012098649112511684,-0.011068215182017394,-0.010090449214879449,0.0009319203290392153,-0.006552111003083727,0.009208804262679227,0.01549456014090822,0.015229221572563567
5415,0.08139014393525379,0.06079011217160879,-0.0015295018761034562,-0.01801804774216853,0.017085404324612696,-0.018249189396886578,-0.04258596473013565,0.01978603555858971,-0.019897604844976158,-0.005456608427215848,0.035617845405982784,-0.005270545411205418,0.03775601861735556,0.02709527163569403,0.007044207378207545,0.00883196225926719,0.023801112542310765,-0.005968484050726364,0.006121723442528371,0.01433915470503555,-0.0015089104079533122,-0.02622669627160379,-0.0068040098404758,0.010575871933102832,0.0049889680899406486,-0.011989091266320528
55,0.005891182341269285,-0.005214557959118071,0.0021180501760245107,0.00567620357054377,-0.018694601614304585,0.03860058371632569,-0.02490168939763615,0.015807469917590744,0.021169209127531285,-0.015613461155941533,-0.020877083748782166,-0.006973182397077338,0.01717206667417015,-0.009224051919712206,-0.003752317090610635,0.013132138635377544,0.002849583141135259,0.01000118289123808,-0.0017167148152359424,0.00797551595075463,0.0006032579315040643,0.016459991050320255,0.0432540068171523,-0.05435787879368936,-0.016506878725728313,-0.004979403400265703
561,0.004598252384102608,-0.008102467173657146,-0.004652732469291987,-0.003751849892881687,-0.015580433116983539,-0.005623740713127656,-0.0037715524818100477,0.005092770639701705,-0.003034993162200905,0.01336592865621089,0.0063832720690411016,-0.007355779626213366,0.003418730759554567,0.012480840344047284,-0.004154342462600269,0.0005387820551558953,0.003349877823256797,0.003748504055787194,0.01419860114503324,0.01017270728754216,0.008824147118012604,0.016783161389237744,-0.008836268957646443,-0.010014796091086353,0.00903239029326608,-0.013055889215153993
562,0.0030085154761039234,0.0029796200533240835,-0.01799885440409721,-0.016565399933909042,-0.016694107583930418,0.012927273781563109,0.006821642687138585,0.029554696372137812,-0.002771829076277932,0.049336939296407145,-0.020093144147169895,-0.0529723016844903,0.02716578246355006,-0.01870940193512105,-0.03402823184183834,0.005480911054481119,0.008449930220471025,-0.03748837955594819,0.012215430968661067,0.047384394804866226,0.02880185197586993,-0.014246621329162323,0.0029949010135821297,-0.02138325776431671,-0.0002993549650778249,-0.005087104934078823
61,-0.004152347721496863,-0.004573922171927869,-0.002940372912593414,-0.00021576948079760072,0.006588755824561865,-0.0013093329667621667,0.0002535083184311837,-0.0058016201648753984,-0.0011933964141790376,-0.0019554213679460197,0.0008724758307030456,0.004089845375086831,-0.0005499607130934336,-0.001581929869432841,0.0006011987068275104,-0.002147593003309467,-0.00540251354863841,-0.004605347888309019,-0.0027329090079488694,-0.006215308505226336,-0.0006688109767596373,-0.005124039648311651,-0.015885376533574025,0.0015848688613417927,0.004188539009764902,0.0008381661749710112
621,-0.0016038267393452266,0.000986966886121543,-0.00010958402593530536,-0.0013432930389032371,-0.00018429971290689906,-0.0022240574325986806,0.00021297513124984846,-0.006033108371170215,-0.0024786502301097357,-0.005381070645660735,-0.0006746976010485461,-0.003005666945558705,-0.004218734074074693,-0.0017583579936468752,-0.0014183211500209403,-0.001336660810530077,-0.0023891129188933213,-0.003398226391344572,-0.0038579296347931447,-0.004547084355662978,0.0009865509250421844,-0.003723392869674491,-0.005868465217301555,0.0022462541582828344,-0.001072717091567199,-0.0025399782940151994
622,0.0012555387691000064,0.0014170535678310614,0.0011446025084644873,-0.00023059534555747163,-0.001795760969669935,-0.0027969023013607597,-0.0028726095550464237,-0.0028953766336243802,-0.005532779125088982,-0.006009168009041943,0.00021466755760002343,-0.007945662444272639,-0.0021975615261662362,-0.0014256305643876033,-0.0049215409644207675,0.0033135215086415037,-0.004704189484112664,-0.00439581275477563,-0.004244451202958022,0.0024758144878740396,-0.00804365003249563,-0.004807058358272442,-0.006985418071253857,0.0031829086164054665,-0.0043158221013333,-0.003209068953876404
623,0.0003021129160254432,0.0008901758980544017,-0.00040197268468045166,-0.002146397081034923,0.000971950386406295,-0.001564921703522515,-0.0006155386319348644,-0.004305897702194805,-0.00012020873723583847,-0.003825656183538584,-0.003946283748462065,-0.0030532317019278388,-0.004668466863440468,-0.0027736071664392625,-0.0011975877611245522,-0.0006518595297602126,-0.0012539882134823266,-0.0018709196940207562,-0.002304050147932557,-0.004620645168333493,-0.0002714106558001639,-0.00439798235843325,-0.005673916338506668,0.001336505739768068,-0.0023558349477963425,-0.001896758312837754
624,0.00028925052558381736,0.0006000298486910083,7.795264696053295e-05,-0.0012559076295000082,0.00019510788701726511,-0.001052780568349121,-0.00188144163323134,-0.0036553699124812766,-0.0012054736141724476,-0.0029375151551880307,-0.0021655111670773053,-0.003045874707741092,-0.00519495508576906,-0.003832172287455915,-0.0007933797692434297,-0.0007389796350452116,-0.0021013582199040926,-0.0031118633372768656,-0.003065529014274926,-0.00258032804199404,0.0013859487903244982,-0.0037412802406491252,-0.004670311001798488,8.554321411402555e-05,-0.002936012668319332,-0.0006608211828460497
711AS,-0.008550941649720478,-0.020168456634968024,-0.014746041740998805,0.021752884451912813,0.022251649760582026,0.0030467063292780594,-0.007696341830326858,-0.03939255366540273,0.007500695410986857,0.0045618160991658385,0.015169665275394983,0.013347142531121126,0.0007023071177711948,0.004773874330696426,-0.006591545847804081,0.011505002522700813,-0.013853656213663523,0.001558387462879729,0.00013149186056260476,0.0036648775380005993,0.006972214004965505,0.0035732853993519775,-0.08687785732561748,0.0775736195883443,0.04309418215818006,-0.03292442524890715
713,-0.0023742410662412894,0.0011891362757170398,-0.0019048842636655294,0.002393261694717097,0.005985184952981726,-0.005805182897854699,0.0009228835020378412,-0.010110367040849333,0.002314824081258493,0.0030210167319033587,-0.019561094299999304,-0.0033402149384285096,-0.008853535929157275,-0.0034423907656311314,-0.008275855378160557,-0.0034363769854985904,-0.003903878569817998,-0.004956091801092022,-0.004318082913967736,-0.00456445741412459,0.0011181073992423407,-0.0011693730574000583,0.031063155451400704,0.006284967839688349,-0.02080548001110749,0.001406727073776537
721,-0.02359295223091351,-0.01055273289188774,-0.0001911535250811447,-0.018615907591512215,0.004425969730824431,-0.027777814895266317,-0.003924327730014721,-0.01680759776708962,-0.014578470842356861,-0.020617607890824452,-0.0008336220432676456,-0.02341527278034583,0.004433847847164163,0.00816878897854556,0.014078909832124342,0.0010431351724728977,0.00032751754611037853,-6.911926480279718e-05,0.004206810427377583,-0.007540202065405843,0.0005835722777423058,-0.004130205474658588,-0.07848001705684737,0.027864983836537682,0.030127279816162922,0.013351129175491305
722,-0.007593652248634175,-0.005926412662567326,0.0018265580890290956,-3.566799998022674e-06,0.020751894585441466,-0.015812173099639004,-0.005090419391250212,-0.017179596176079226,-0.0056424764568041574,-0.011062608259009288,-0.009967382391445678,0.005489073164041347,-0.007329081754699818,0.0029564888013862145,0.004455058396156897,-0.003008289455141533,-0.0023791991468180562,0.00518377334948994,-0.002484608316588588,-0.004682827617186636,0.0004213477441141755,-0.0034873606792622525,-0.05112186133917396,0.036116403079105464,0.006849018196987355,0.006250398460132978
81,-0.008170829498215681,-0.016008604700929574,-0.01728290810348465,-0.00978990986188455,-0.009345250271133754,-0.015187244761415197,-0.016110065583158306,-0.025239236111331387,-0.007226855010501687,-0.008704560849051468,-0.01331501721589401,-0.004609562435009984,-0.018084662535532203,-0.007056878768369135,-0.007135807686048601,0.011836498791675698,0.011088170680761955,0.007752603673794489,0.005247553496443125,0.00929362438826642,-0.012569921001570172,0.009105955526203857,-0.03528562702634863,-0.002668011404634907,0.015916994338147195,0.00954352971910577
HS,-0.014826699380346309,-0.01946987522172927,-0.01241123190959681,-0.015205856617835689,-0.01526849247660822,0.006432381411270116,0.0016181749859358607,-0.006064094120484587,0.0007259630195473044,0.009053200539383965,-0.0034542358113296423,-0.0239804509695829,0.00851189937675878,0.0036027496220154553,-0.007751145610557453,0.004067565531639561,0.0017614058253114795,0.009744073269604359,0.0035972648268449703,0.008473414144256619,-0.006934467553697088,0.004881640862684167,-0.015688622562464838,0.010061724575294528,0.013792525752784224,-0.0032502905688307493
ORE,-0.07229391562828358,-0.04981857801133405,0.015204320407960825,0.036073552767345696,0.025165027522736416,0.019008865892645943,0.043191344137366805,0.08042427493926851,-0.040629861041580284,-0.044408509358603965,-0.06003756671982696,0.035004345583507845,0.03431740765118585,-0.012013033803376594,0.006868950499114845,0.02552214549858567,-0.007997798824020741,0.010889325062907407,-0.0019771574342444254,0.008534474388209645,-0.0007696880690071239,0.003135273572660857,0.026118829493893436,0.010561872201639844,-0.013502590030340489,0.050570378966320106
